,0
0,2023-wimbledon-1301
1,2023-wimbledon-1302
2,2023-wimbledon-1303
3,2023-wimbledon-1304
4,2023-wimbledon-1305
5,2023-wimbledon-1306
6,2023-wimbledon-1307
7,2023-wimbledon-1308
8,2023-wimbledon-1309
9,2023-wimbledon-1310
10,2023-wimbledon-1311
11,2023-wimbledon-1312
12,2023-wimbledon-1313
13,2023-wimbledon-1314
14,2023-wimbledon-1315
15,2023-wimbledon-1316
16,2023-wimbledon-1401
17,2023-wimbledon-1402
18,2023-wimbledon-1403
19,2023-wimbledon-1404
20,2023-wimbledon-1405
21,2023-wimbledon-1406
22,2023-wimbledon-1407
23,2023-wimbledon-1408
24,2023-wimbledon-1501
25,2023-wimbledon-1502
26,2023-wimbledon-1503
27,2023-wimbledon-1504
28,2023-wimbledon-1601
29,2023-wimbledon-1602
30,2023-wimbledon-1701
